run,baudrate,fer,file_name,file_size_bytes,transfer_time_sec,throughput_bps,retransmissions

1,19200,50,0.000,penguin.gif,10968,9.324,1176,0
1,19200,50,0.000,penguin.gif,10968,9.335,1175,0
1,19200,50,0.000,penguin.gif,10968,9.375,1170,0
1,19200,50,0.000,penguin.gif,10968,9.425,1164,0
1,19200,50,0.000,penguin.gif,10968,9.357,1172,0
1,19200,50,0.000,penguin.gif,10968,9.340,1174,0
1,19200,50,0.000,penguin.gif,10968,9.327,1176,0
1,19200,50,0.000,penguin.gif,10968,9.320,1177,0
1,19200,50,0.000,penguin.gif,10968,9.335,1175,0
1,19200,50,0.000,penguin.gif,10968,9.360,1172,0
1,19200,50,0.010,penguin.gif,10968,12.575,872,9
1,19200,50,0.010,penguin.gif,10968,9.504,1154,4
1,19200,50,0.010,penguin.gif,10968,9.430,1163,0
1,19200,50,0.010,penguin.gif,10968,12.439,882,5
1,19200,50,0.010,penguin.gif,10968,9.431,1163,4
1,19200,50,0.010,penguin.gif,10968,9.328,1176,0
1,19200,50,0.010,penguin.gif,10968,9.397,1167,2
1,19200,50,0.010,penguin.gif,10968,12.383,886,3
1,19200,50,0.010,penguin.gif,10968,9.584,1144,8
1,19200,50,0.010,penguin.gif,10968,12.471,879,5
1,19200,50,0.050,penguin.gif,10968,9.998,1097,21
1,19200,50,0.050,penguin.gif,10968,12.784,858,16
1,19200,50,0.050,penguin.gif,10968,9.887,1109,18
1,19200,50,0.050,penguin.gif,10968,10.200,1075,29
1,19200,50,0.050,penguin.gif,10968,10.104,1086,24
1,19200,50,0.050,penguin.gif,10968,16.127,680,27
1,19200,50,0.050,penguin.gif,10968,10.040,1092,22
1,19200,50,0.050,penguin.gif,10968,13.175,832,28
1,19200,50,0.050,penguin.gif,10968,9.856,1113,16
1,19200,50,0.050,penguin.gif,10968,13.079,839,25
1,19200,50,0.100,penguin.gif,10968,10.919,1004,50
1,19200,50,0.100,penguin.gif,10968,10.703,1025,44
1,19200,50,0.100,penguin.gif,10968,22.584,486,44
1,19200,50,0.100,penguin.gif,10968,11.096,988,57
1,19200,50,0.100,penguin.gif,10968,13.831,793,48
1,19200,50,0.100,penguin.gif,10968,10.480,1047,37
1,19200,50,0.100,penguin.gif,10968,17.071,642,59
1,19200,50,0.100,penguin.gif,10968,16.811,652,49
1,19200,50,0.100,penguin.gif,10968,13.863,791,49
1,19200,50,0.100,penguin.gif,10968,28.944,379,59
1,19200,100,0.000,penguin.gif,10968,8.223,1334,0
1,19200,100,0.000,penguin.gif,10968,8.215,1335,0
1,19200,100,0.000,penguin.gif,10968,8.199,1338,0
1,19200,100,0.000,penguin.gif,10968,8.208,1336,0
1,19200,100,0.000,penguin.gif,10968,8.222,1334,0
1,19200,100,0.000,penguin.gif,10968,8.207,1336,0
1,19200,100,0.000,penguin.gif,10968,8.207,1336,0
1,19200,100,0.000,penguin.gif,10968,8.216,1335,0
1,19200,100,0.000,penguin.gif,10968,8.207,1336,0
1,19200,100,0.000,penguin.gif,10968,8.207,1336,0
1,19200,100,0.010,penguin.gif,10968,8.343,1315,2
1,19200,100,0.010,penguin.gif,10968,8.328,1317,2
1,19200,100,0.010,penguin.gif,10968,11.451,958,5
1,19200,100,0.010,penguin.gif,10968,8.327,1317,2
1,19200,100,0.010,penguin.gif,10968,8.335,1316,2
1,19200,100,0.010,penguin.gif,10968,8.447,1298,4
1,19200,100,0.010,penguin.gif,10968,8.207,1336,0
1,19200,100,0.010,penguin.gif,10968,8.560,1281,6
1,19200,100,0.010,penguin.gif,10968,8.463,1296,4
1,19200,100,0.010,penguin.gif,10968,8.431,1301,4
1,19200,100,0.050,penguin.gif,10968,9.023,1216,14
1,19200,100,0.050,penguin.gif,10968,8.664,1266,8
1,19200,100,0.050,penguin.gif,10968,9.197,1193,17
1,19200,100,0.050,penguin.gif,10968,9.712,1129,26
1,19200,100,0.050,penguin.gif,10968,8.919,1230,12
1,19200,100,0.050,penguin.gif,10968,8.943,1226,14
1,19200,100,0.050,penguin.gif,10968,8.904,1232,12
1,19200,100,0.050,penguin.gif,10968,8.552,1283,6
1,19200,100,0.050,penguin.gif,10968,9.255,1185,18
1,19200,100,0.050,penguin.gif,10968,9.032,1214,14
1,19200,100,0.100,penguin.gif,10968,9.287,1181,18
1,19200,100,0.100,penguin.gif,10968,9.718,1129,26
1,19200,100,0.100,penguin.gif,10968,9.576,1145,25
1,19200,100,0.100,penguin.gif,10968,15.672,700,28
1,19200,100,0.100,penguin.gif,10968,12.207,898,18
1,19200,100,0.100,penguin.gif,10968,9.719,1128,28
1,19200,100,0.100,penguin.gif,10968,12.392,885,21
1,19200,100,0.100,penguin.gif,10968,12.904,850,30
1,19200,100,0.100,penguin.gif,10968,9.319,1177,19
1,19200,100,0.100,penguin.gif,10968,9.655,1136,25
1,19200,200,0.000,penguin.gif,10968,7.662,1431,0
1,19200,200,0.000,penguin.gif,10968,7.656,1433,0
1,19200,200,0.000,penguin.gif,10968,7.663,1431,0
1,19200,200,0.000,penguin.gif,10968,7.655,1433,0
1,19200,200,0.000,penguin.gif,10968,7.663,1431,0
1,19200,200,0.000,penguin.gif,10968,7.656,1433,0
1,19200,200,0.000,penguin.gif,10968,7.663,1431,0
1,19200,200,0.000,penguin.gif,10968,7.656,1433,0
1,19200,200,0.000,penguin.gif,10968,7.670,1430,0
1,19200,200,0.000,penguin.gif,10968,7.663,1431,0
1,19200,200,0.010,penguin.gif,10968,7.655,1433,0
1,19200,200,0.010,penguin.gif,10968,7.662,1431,0
1,19200,200,0.010,penguin.gif,10968,7.664,1431,0
1,19200,200,0.010,penguin.gif,10968,7.655,1433,0
1,19200,200,0.010,penguin.gif,10968,8.111,1352,4
1,19200,200,0.010,penguin.gif,10968,7.663,1431,0
1,19200,200,0.010,penguin.gif,10968,7.655,1433,0
1,19200,200,0.010,penguin.gif,10968,8.559,1281,8
1,19200,200,0.010,penguin.gif,10968,8.527,1286,8
1,19200,200,0.010,penguin.gif,10968,7.664,1431,0
1,19200,200,0.050,penguin.gif,10968,8.118,1351,4
1,19200,200,0.050,penguin.gif,10968,9.014,1217,12
1,19200,200,0.050,penguin.gif,10968,8.559,1281,8
1,19200,200,0.050,penguin.gif,10968,9.008,1218,12
1,19200,200,0.050,penguin.gif,10968,8.784,1249,10
1,19200,200,0.050,penguin.gif,10968,8.359,1312,8
1,19200,200,0.050,penguin.gif,10968,7.871,1393,2
1,19200,200,0.050,penguin.gif,10968,7.997,1371,3
1,19200,200,0.050,penguin.gif,10968,8.333,1316,6
1,19200,200,0.050,penguin.gif,10968,8.671,1265,9
1,19200,200,0.100,penguin.gif,10968,9.790,1120,19
1,19200,200,0.100,penguin.gif,10968,8.782,1249,10
1,19200,200,0.100,penguin.gif,10968,7.896,1389,2
1,19200,200,0.100,penguin.gif,10968,8.518,1288,8
1,19200,200,0.100,penguin.gif,10968,9.240,1187,14
1,19200,200,0.100,penguin.gif,10968,8.447,1299,7
1,19200,200,0.100,penguin.gif,10968,9.118,1203,13
1,19200,200,0.100,penguin.gif,10968,13.167,833,26
1,19200,200,0.100,penguin.gif,10968,9.232,1188,14
1,19200,200,0.100,penguin.gif,10968,9.015,1217,12
1,19200,300,0.000,penguin.gif,10968,7.463,1470,0
1,19200,300,0.000,penguin.gif,10968,7.464,1469,0
1,19200,300,0.000,penguin.gif,10968,7.471,1468,0
1,19200,300,0.000,penguin.gif,10968,7.463,1470,0
1,19200,300,0.000,penguin.gif,10968,7.463,1470,0
1,19200,300,0.000,penguin.gif,10968,7.463,1470,0
1,19200,300,0.000,penguin.gif,10968,7.464,1470,0
1,19200,300,0.000,penguin.gif,10968,7.471,1468,0
1,19200,300,0.000,penguin.gif,10968,7.461,1470,0
1,19200,300,0.000,penguin.gif,10968,7.464,1470,0
1,19200,300,0.010,penguin.gif,10968,7.464,1470,0
1,19200,300,0.010,penguin.gif,10968,7.463,1470,0
1,19200,300,0.010,penguin.gif,10968,7.463,1470,0
1,19200,300,0.010,penguin.gif,10968,7.464,1470,0
1,19200,300,0.010,penguin.gif,10968,7.464,1469,0
1,19200,300,0.010,penguin.gif,10968,7.471,1468,0
1,19200,300,0.010,penguin.gif,10968,7.471,1468,0
1,19200,300,0.010,penguin.gif,10968,7.463,1470,0
1,19200,300,0.010,penguin.gif,10968,7.463,1470,0
1,19200,300,0.010,penguin.gif,10968,7.464,1470,0
1,19200,300,0.050,penguin.gif,10968,8.806,1245,8
1,19200,300,0.050,penguin.gif,10968,8.127,1350,4
1,19200,300,0.050,penguin.gif,10968,7.967,1377,3
1,19200,300,0.050,penguin.gif,10968,7.463,1470,0
1,19200,300,0.050,penguin.gif,10968,8.135,1348,4
1,19200,300,0.050,penguin.gif,10968,9.296,1180,11
1,19200,300,0.050,penguin.gif,10968,8.127,1350,4
1,19200,300,0.050,penguin.gif,10968,7.808,1405,2
1,19200,300,0.050,penguin.gif,10968,7.799,1406,2
1,19200,300,0.050,penguin.gif,10968,8.295,1322,5
1,19200,300,0.100,penguin.gif,10968,8.628,1271,7
1,19200,300,0.100,penguin.gif,10968,14.135,776,6
1,19200,300,0.100,penguin.gif,10968,8.951,1225,9
1,19200,300,0.100,penguin.gif,10968,8.800,1246,8
1,19200,300,0.100,penguin.gif,10968,9.471,1158,12
1,19200,300,0.100,penguin.gif,10968,8.472,1295,6
1,19200,300,0.100,penguin.gif,10968,8.494,1291,8
1,19200,300,0.100,penguin.gif,10968,8.127,1350,4
1,19200,300,0.100,penguin.gif,10968,7.496,1463,2
1,19200,300,0.100,penguin.gif,10968,9.119,1203,10
1,19200,400,0.000,penguin.gif,10968,7.391,1484,0
1,19200,400,0.000,penguin.gif,10968,7.392,1484,0
1,19200,400,0.000,penguin.gif,10968,7.383,1486,0
1,19200,400,0.000,penguin.gif,10968,7.391,1484,0
1,19200,400,0.000,penguin.gif,10968,7.390,1484,0
1,19200,400,0.000,penguin.gif,10968,7.391,1484,0
1,19200,400,0.000,penguin.gif,10968,7.391,1484,0
1,19200,400,0.000,penguin.gif,10968,7.400,1482,0
1,19200,400,0.000,penguin.gif,10968,7.391,1484,0
1,19200,400,0.000,penguin.gif,10968,7.391,1484,0
1,19200,400,0.010,penguin.gif,10968,7.392,1484,0
1,19200,400,0.010,penguin.gif,10968,7.391,1484,0
1,19200,400,0.010,penguin.gif,10968,7.391,1484,0
1,19200,400,0.010,penguin.gif,10968,7.384,1485,0
1,19200,400,0.010,penguin.gif,10968,7.831,1401,2
1,19200,400,0.010,penguin.gif,10968,7.391,1484,0
1,19200,400,0.010,penguin.gif,10968,7.392,1484,0
1,19200,400,0.010,penguin.gif,10968,7.391,1484,0
1,19200,400,0.010,penguin.gif,10968,7.830,1401,2
1,19200,400,0.010,penguin.gif,10968,7.391,1484,0
1,19200,400,0.050,penguin.gif,10968,7.831,1401,2
1,19200,400,0.050,penguin.gif,10968,7.416,1479,2
1,19200,400,0.050,penguin.gif,10968,7.391,1484,0
1,19200,400,0.050,penguin.gif,10968,8.271,1326,4
1,19200,400,0.050,penguin.gif,10968,7.383,1486,0
1,19200,400,0.050,penguin.gif,10968,7.832,1400,2
1,19200,400,0.050,penguin.gif,10968,8.264,1327,4
1,19200,400,0.050,penguin.gif,10968,8.903,1232,8
1,19200,400,0.050,penguin.gif,10968,7.391,1484,0
1,19200,400,0.050,penguin.gif,10968,7.832,1400,2
1,19200,400,0.100,penguin.gif,10968,8.896,1233,8
1,19200,400,0.100,penguin.gif,10968,8.919,1230,7
1,19200,400,0.100,penguin.gif,10968,8.464,1296,6
1,19200,400,0.100,penguin.gif,10968,7.823,1402,2
1,19200,400,0.100,penguin.gif,10968,8.672,1265,7
1,19200,400,0.100,penguin.gif,10968,8.919,1230,7
1,19200,400,0.100,penguin.gif,10968,8.927,1229,7
1,19200,400,0.100,penguin.gif,10968,8.023,1367,4
1,19200,400,0.100,penguin.gif,10968,8.736,1256,8
1,19200,400,0.100,penguin.gif,10968,10.015,1095,12
1,19200,500,0.000,penguin.gif,10968,7.327,1497,0
1,19200,500,0.000,penguin.gif,10968,7.327,1497,0
1,19200,500,0.000,penguin.gif,10968,7.325,1497,0
1,19200,500,0.000,penguin.gif,10968,7.328,1497,0
1,19200,500,0.000,penguin.gif,10968,7.327,1497,0
1,19200,500,0.000,penguin.gif,10968,7.327,1497,0
1,19200,500,0.000,penguin.gif,10968,7.327,1497,0
1,19200,500,0.000,penguin.gif,10968,7.327,1497,0
1,19200,500,0.000,penguin.gif,10968,7.326,1497,0
1,19200,500,0.000,penguin.gif,10968,7.327,1497,0
1,19200,500,0.010,penguin.gif,10968,7.320,1498,0
1,19200,500,0.010,penguin.gif,10968,7.331,1496,0
1,19200,500,0.010,penguin.gif,10968,7.329,1496,0
1,19200,500,0.010,penguin.gif,10968,7.326,1497,0
1,19200,500,0.010,penguin.gif,10968,7.328,1497,0
1,19200,500,0.010,penguin.gif,10968,7.328,1497,0
1,19200,500,0.010,penguin.gif,10968,7.326,1497,0
1,19200,500,0.010,penguin.gif,10968,7.327,1497,0
1,19200,500,0.010,penguin.gif,10968,7.872,1393,2
1,19200,500,0.010,penguin.gif,10968,7.327,1497,0
1,19200,500,0.050,penguin.gif,10968,8.417,1303,4
1,19200,500,0.050,penguin.gif,10968,8.423,1302,4
1,19200,500,0.050,penguin.gif,10968,7.880,1392,2
1,19200,500,0.050,penguin.gif,10968,7.327,1497,0
1,19200,500,0.050,penguin.gif,10968,7.327,1497,0
1,19200,500,0.050,penguin.gif,10968,7.872,1393,2
1,19200,500,0.050,penguin.gif,10968,7.871,1394,2
1,19200,500,0.050,penguin.gif,10968,8.416,1303,4
1,19200,500,0.050,penguin.gif,10968,7.871,1393,2
1,19200,500,0.050,penguin.gif,10968,7.907,1387,4
1,19200,500,0.100,penguin.gif,10968,9.516,1153,8
1,19200,500,0.100,penguin.gif,10968,8.391,1307,4
1,19200,500,0.100,penguin.gif,10968,9.270,1183,9
1,19200,500,0.100,penguin.gif,10968,8.424,1302,4
1,19200,500,0.100,penguin.gif,10968,8.975,1222,6
1,19200,500,0.100,penguin.gif,10968,8.424,1302,4
1,19200,500,0.100,penguin.gif,10968,10.871,1009,3
1,19200,500,0.100,penguin.gif,10968,12.792,857,10
1,19200,500,0.100,penguin.gif,10968,8.420,1303,4
1,19200,500,0.100,penguin.gif,10968,8.447,1298,6
1,19200,600,0.000,penguin.gif,10968,7.296,1503,0
1,19200,600,0.000,penguin.gif,10968,7.294,1504,0
1,19200,600,0.000,penguin.gif,10968,7.297,1503,0
1,19200,600,0.000,penguin.gif,10968,7.294,1504,0
1,19200,600,0.000,penguin.gif,10968,7.295,1504,0
1,19200,600,0.000,penguin.gif,10968,7.295,1503,0
1,19200,600,0.000,penguin.gif,10968,7.295,1503,0
1,19200,600,0.000,penguin.gif,10968,7.295,1503,0
1,19200,600,0.000,penguin.gif,10968,7.296,1503,0
1,19200,600,0.000,penguin.gif,10968,7.295,1503,0
1,19200,600,0.010,penguin.gif,10968,7.943,1381,2
1,19200,600,0.010,penguin.gif,10968,7.296,1503,0
1,19200,600,0.010,penguin.gif,10968,7.295,1504,0
1,19200,600,0.010,penguin.gif,10968,7.296,1503,0
1,19200,600,0.010,penguin.gif,10968,7.293,1504,0
1,19200,600,0.010,penguin.gif,10968,7.296,1503,0
1,19200,600,0.010,penguin.gif,10968,7.296,1503,0
1,19200,600,0.010,penguin.gif,10968,7.296,1503,0
1,19200,600,0.010,penguin.gif,10968,7.296,1503,0
1,19200,600,0.010,penguin.gif,10968,7.296,1503,0
1,19200,600,0.050,penguin.gif,10968,7.296,1503,0
1,19200,600,0.050,penguin.gif,10968,7.959,1378,2
1,19200,600,0.050,penguin.gif,10968,7.295,1503,0
1,19200,600,0.050,penguin.gif,10968,7.983,1374,4
1,19200,600,0.050,penguin.gif,10968,10.231,1072,9
1,19200,600,0.050,penguin.gif,10968,8.607,1274,4
1,19200,600,0.050,penguin.gif,10968,9.271,1183,6
1,19200,600,0.050,penguin.gif,10968,7.297,1503,0
1,19200,600,0.050,penguin.gif,10968,7.326,1497,2
1,19200,600,0.050,penguin.gif,10968,7.294,1504,0
1,19200,600,0.100,penguin.gif,10968,8.607,1274,4
1,19200,600,0.100,penguin.gif,10968,7.960,1378,2
1,19200,600,0.100,penguin.gif,10968,7.959,1378,2
1,19200,600,0.100,penguin.gif,10968,7.295,1503,0
1,19200,600,0.100,penguin.gif,10968,7.952,1379,2
1,19200,600,0.100,penguin.gif,10968,8.607,1274,4
1,19200,600,0.100,penguin.gif,10968,9.919,1106,8
1,19200,600,0.100,penguin.gif,10968,7.944,1381,2
1,19200,600,0.100,penguin.gif,10968,10.568,1038,10
1,19200,600,0.100,penguin.gif,10968,9.271,1183,6
1,19200,700,0.000,penguin.gif,10968,7.263,1510,0
1,19200,700,0.000,penguin.gif,10968,7.264,1510,0
1,19200,700,0.000,penguin.gif,10968,7.262,1510,0
1,19200,700,0.000,penguin.gif,10968,7.264,1510,0
1,19200,700,0.000,penguin.gif,10968,7.264,1510,0
1,19200,700,0.000,penguin.gif,10968,7.263,1510,0
1,19200,700,0.000,penguin.gif,10968,7.263,1510,0
1,19200,700,0.000,penguin.gif,10968,7.262,1510,0
1,19200,700,0.000,penguin.gif,10968,7.264,1510,0
1,19200,700,0.000,penguin.gif,10968,7.263,1510,0
1,19200,700,0.010,penguin.gif,10968,7.263,1510,0
1,19200,700,0.010,penguin.gif,10968,7.263,1510,0
1,19200,700,0.010,penguin.gif,10968,7.264,1510,0
1,19200,700,0.010,penguin.gif,10968,7.263,1510,0
1,19200,700,0.010,penguin.gif,10968,7.263,1510,0
1,19200,700,0.010,penguin.gif,10968,7.264,1510,0
1,19200,700,0.010,penguin.gif,10968,7.263,1510,0
1,19200,700,0.010,penguin.gif,10968,7.264,1510,0
1,19200,700,0.010,penguin.gif,10968,7.264,1510,0
1,19200,700,0.010,penguin.gif,10968,7.263,1510,0
1,19200,700,0.050,penguin.gif,10968,7.263,1510,0
1,19200,700,0.050,penguin.gif,10968,8.048,1363,4
1,19200,700,0.050,penguin.gif,10968,8.800,1246,4
1,19200,700,0.050,penguin.gif,10968,7.263,1510,0
1,19200,700,0.050,penguin.gif,10968,8.030,1366,2
1,19200,700,0.050,penguin.gif,10968,8.791,1248,4
1,19200,700,0.050,penguin.gif,10968,8.031,1366,2
1,19200,700,0.050,penguin.gif,10968,8.023,1367,2
1,19200,700,0.050,penguin.gif,10968,8.022,1367,2
1,19200,700,0.050,penguin.gif,10968,8.792,1247,4
1,19200,700,0.100,penguin.gif,10968,11.079,990,10
1,19200,700,0.100,penguin.gif,10968,8.792,1248,4
1,19200,700,0.100,penguin.gif,10968,10.304,1064,8
1,19200,700,0.100,penguin.gif,10968,9.302,1179,6
1,19200,700,0.100,penguin.gif,10968,8.055,1362,4
1,19200,700,0.100,penguin.gif,10968,8.791,1248,4
1,19200,700,0.100,penguin.gif,10968,8.032,1366,2
1,19200,700,0.100,penguin.gif,10968,8.784,1249,4
1,19200,700,0.100,penguin.gif,10968,8.792,1247,4
1,19200,700,0.100,penguin.gif,10968,14.799,741,6
1,19200,800,0.000,penguin.gif,10968,7.248,1513,0
1,19200,800,0.000,penguin.gif,10968,7.246,1514,0
1,19200,800,0.000,penguin.gif,10968,7.248,1513,0
1,19200,800,0.000,penguin.gif,10968,7.247,1513,0
1,19200,800,0.000,penguin.gif,10968,7.248,1513,0
1,19200,800,0.000,penguin.gif,10968,7.247,1513,0
1,19200,800,0.000,penguin.gif,10968,7.248,1513,0
1,19200,800,0.000,penguin.gif,10968,7.247,1513,0
1,19200,800,0.000,penguin.gif,10968,7.247,1513,0
1,19200,800,0.000,penguin.gif,10968,7.247,1513,0
1,19200,800,0.010,penguin.gif,10968,7.248,1513,0
1,19200,800,0.010,penguin.gif,10968,7.247,1513,0
1,19200,800,0.010,penguin.gif,10968,7.247,1513,0
1,19200,800,0.010,penguin.gif,10968,7.247,1513,0
1,19200,800,0.010,penguin.gif,10968,7.247,1513,0
1,19200,800,0.010,penguin.gif,10968,7.247,1514,0
1,19200,800,0.010,penguin.gif,10968,7.871,1393,2
1,19200,800,0.010,penguin.gif,10968,7.248,1513,0
1,19200,800,0.010,penguin.gif,10968,7.247,1513,0
1,19200,800,0.010,penguin.gif,10968,10.248,1070,1
1,19200,800,0.050,penguin.gif,10968,7.271,1508,2
1,19200,800,0.050,penguin.gif,10968,8.120,1351,2
1,19200,800,0.050,penguin.gif,10968,9.423,1164,5
1,19200,800,0.050,penguin.gif,10968,7.247,1513,0
1,19200,800,0.050,penguin.gif,10968,7.248,1513,0
1,19200,800,0.050,penguin.gif,10968,8.119,1351,2
1,19200,800,0.050,penguin.gif,10968,8.111,1352,2
1,19200,800,0.050,penguin.gif,10968,8.118,1351,2
1,19200,800,0.050,penguin.gif,10968,7.248,1513,0
1,19200,800,0.050,penguin.gif,10968,8.119,1351,2
1,19200,800,0.100,penguin.gif,10968,8.119,1351,2
1,19200,800,0.100,penguin.gif,10968,8.984,1221,4
1,19200,800,0.100,penguin.gif,10968,8.575,1279,5
1,19200,800,0.100,penguin.gif,10968,8.119,1351,2
1,19200,800,0.100,penguin.gif,10968,9.007,1218,6
1,19200,800,0.100,penguin.gif,10968,8.119,1351,2
1,19200,800,0.100,penguin.gif,10968,9.024,1215,6
1,19200,800,0.100,penguin.gif,10968,8.126,1350,2
1,19200,800,0.100,penguin.gif,10968,7.247,1513,0
1,19200,800,0.100,penguin.gif,10968,10.727,1022,8
1,38400,50,0.000,penguin.gif,10968,5.402,2030,0
1,38400,50,0.000,penguin.gif,10968,5.344,2053,0
1,38400,50,0.000,penguin.gif,10968,5.383,2037,0
1,38400,50,0.000,penguin.gif,10968,5.335,2056,0
1,38400,50,0.000,penguin.gif,10968,5.384,2037,0
1,38400,50,0.000,penguin.gif,10968,5.376,2040,0
1,38400,50,0.000,penguin.gif,10968,5.383,2038,0
1,38400,50,0.000,penguin.gif,10968,5.368,2043,0
1,38400,50,0.000,penguin.gif,10968,5.335,2056,0
1,38400,50,0.000,penguin.gif,10968,5.359,2047,0
1,38400,50,0.010,penguin.gif,10968,5.439,2017,4
1,38400,50,0.010,penguin.gif,10968,8.472,1295,5
1,38400,50,0.010,penguin.gif,10968,5.399,2031,2
1,38400,50,0.010,penguin.gif,10968,5.423,2023,4
1,38400,50,0.010,penguin.gif,10968,5.471,2005,6
1,38400,50,0.010,penguin.gif,10968,5.472,2004,7
1,38400,50,0.010,penguin.gif,10968,5.438,2017,6
1,38400,50,0.010,penguin.gif,10968,5.448,2013,4
1,38400,50,0.010,penguin.gif,10968,5.479,2002,6
1,38400,50,0.010,penguin.gif,10968,5.440,2016,4
1,38400,50,0.050,penguin.gif,10968,5.983,1833,37
1,38400,50,0.050,penguin.gif,10968,5.743,1910,25
1,38400,50,0.050,penguin.gif,10968,11.792,930,28
1,38400,50,0.050,penguin.gif,10968,5.823,1883,26
1,38400,50,0.050,penguin.gif,10968,8.640,1269,19
1,38400,50,0.050,penguin.gif,10968,14.847,739,31
1,38400,50,0.050,penguin.gif,10968,8.799,1247,28
1,38400,50,0.050,penguin.gif,10968,5.760,1904,26
1,38400,50,0.050,penguin.gif,10968,5.616,1953,16
1,38400,50,0.050,penguin.gif,10968,5.614,1954,16
1,38400,50,0.100,penguin.gif,10968,12.008,913,40
1,38400,50,0.100,penguin.gif,10968,5.919,1853,34
1,38400,50,0.100,penguin.gif,10968,15.120,725,51
1,38400,50,0.100,penguin.gif,10968,6.023,1821,43
1,38400,50,0.100,penguin.gif,10968,6.128,1790,50
1,38400,50,0.100,penguin.gif,10968,14.791,742,30
1,38400,50,0.100,penguin.gif,10968,9.111,1204,50
1,38400,50,0.100,penguin.gif,10968,8.903,1232,36
1,38400,50,0.100,penguin.gif,10968,9.015,1217,41
1,38400,50,0.100,penguin.gif,10968,6.031,1819,41
1,38400,100,0.000,penguin.gif,10968,4.767,2301,0
1,38400,100,0.000,penguin.gif,10968,4.760,2304,0
1,38400,100,0.000,penguin.gif,10968,4.735,2317,0
1,38400,100,0.000,penguin.gif,10968,4.784,2293,0
1,38400,100,0.000,penguin.gif,10968,4.751,2308,0
1,38400,100,0.000,penguin.gif,10968,4.759,2304,0
1,38400,100,0.000,penguin.gif,10968,4.769,2300,0
1,38400,100,0.000,penguin.gif,10968,4.808,2281,0
1,38400,100,0.000,penguin.gif,10968,4.734,2317,0
1,38400,100,0.000,penguin.gif,10968,4.735,2316,0
1,38400,100,0.010,penguin.gif,10968,4.831,2270,2
1,38400,100,0.010,penguin.gif,10968,4.827,2272,2
1,38400,100,0.010,penguin.gif,10968,4.776,2297,0
1,38400,100,0.010,penguin.gif,10968,4.831,2271,2
1,38400,100,0.010,penguin.gif,10968,4.767,2301,0
1,38400,100,0.010,penguin.gif,10968,4.831,2270,2
1,38400,100,0.010,penguin.gif,10968,7.808,1405,3
1,38400,100,0.010,penguin.gif,10968,4.807,2282,2
1,38400,100,0.010,penguin.gif,10968,4.760,2304,0
1,38400,100,0.010,penguin.gif,10968,4.759,2305,0
1,38400,100,0.050,penguin.gif,10968,5.132,2137,14
1,38400,100,0.050,penguin.gif,10968,8.127,1350,14
1,38400,100,0.050,penguin.gif,10968,4.920,2229,6
1,38400,100,0.050,penguin.gif,10968,5.160,2126,14
1,38400,100,0.050,penguin.gif,10968,5.302,2069,19
1,38400,100,0.050,penguin.gif,10968,5.144,2132,13
1,38400,100,0.050,penguin.gif,10968,8.095,1355,12
1,38400,100,0.050,penguin.gif,10968,4.936,2222,7
1,38400,100,0.050,penguin.gif,10968,4.967,2208,8
1,38400,100,0.050,penguin.gif,10968,5.055,2170,10
1,38400,100,0.100,penguin.gif,10968,5.615,1953,29
1,38400,100,0.100,penguin.gif,10968,5.248,2090,17
1,38400,100,0.100,penguin.gif,10968,11.319,969,23
1,38400,100,0.100,penguin.gif,10968,8.167,1343,17
1,38400,100,0.100,penguin.gif,10968,5.336,2055,20
1,38400,100,0.100,penguin.gif,10968,5.455,2011,24
1,38400,100,0.100,penguin.gif,10968,8.376,1310,23
1,38400,100,0.100,penguin.gif,10968,8.471,1295,27
1,38400,100,0.100,penguin.gif,10968,5.391,2035,21
1,38400,100,0.100,penguin.gif,10968,5.303,2068,19
1,38400,200,0.000,penguin.gif,10968,4.454,2462,0
1,38400,200,0.000,penguin.gif,10968,4.472,2452,0
1,38400,200,0.000,penguin.gif,10968,4.455,2462,0
1,38400,200,0.000,penguin.gif,10968,4.471,2453,0
1,38400,200,0.000,penguin.gif,10968,4.456,2462,0
1,38400,200,0.000,penguin.gif,10968,4.454,2462,0
1,38400,200,0.000,penguin.gif,10968,4.472,2453,0
1,38400,200,0.000,penguin.gif,10968,4.463,2458,0
1,38400,200,0.000,penguin.gif,10968,4.455,2462,0
1,38400,200,0.000,penguin.gif,10968,4.480,2448,0
1,38400,200,0.010,penguin.gif,10968,4.679,2344,4
1,38400,200,0.010,penguin.gif,10968,4.496,2440,0
1,38400,200,0.010,penguin.gif,10968,4.463,2457,0
1,38400,200,0.010,penguin.gif,10968,4.463,2458,0
1,38400,200,0.010,penguin.gif,10968,4.472,2453,0
1,38400,200,0.010,penguin.gif,10968,4.576,2397,2
1,38400,200,0.010,penguin.gif,10968,4.471,2453,0
1,38400,200,0.010,penguin.gif,10968,4.575,2397,2
1,38400,200,0.010,penguin.gif,10968,4.567,2402,2
1,38400,200,0.010,penguin.gif,10968,4.479,2449,0
1,38400,200,0.050,penguin.gif,10968,5.263,2084,14
1,38400,200,0.050,penguin.gif,10968,5.040,2176,10
1,38400,200,0.050,penguin.gif,10968,4.688,2340,4
1,38400,200,0.050,penguin.gif,10968,4.968,2208,9
1,38400,200,0.050,penguin.gif,10968,4.799,2286,6
1,38400,200,0.050,penguin.gif,10968,4.801,2285,6
1,38400,200,0.050,penguin.gif,10968,4.710,2329,4
1,38400,200,0.050,penguin.gif,10968,4.679,2344,4
1,38400,200,0.050,penguin.gif,10968,4.687,2340,4
1,38400,200,0.050,penguin.gif,10968,4.632,2368,3
1,38400,200,0.100,penguin.gif,10968,7.704,1424,5
1,38400,200,0.100,penguin.gif,10968,4.982,2201,9
1,38400,200,0.100,penguin.gif,10968,5.424,2022,17
1,38400,200,0.100,penguin.gif,10968,5.023,2184,10
1,38400,200,0.100,penguin.gif,10968,4.815,2278,6
1,38400,200,0.100,penguin.gif,10968,4.968,2208,9
1,38400,200,0.100,penguin.gif,10968,5.254,2087,14
1,38400,200,0.100,penguin.gif,10968,4.655,2356,5
1,38400,200,0.100,penguin.gif,10968,4.815,2278,6
1,38400,200,0.100,penguin.gif,10968,4.912,2233,8
1,38400,300,0.000,penguin.gif,10968,4.351,2521,0
1,38400,300,0.000,penguin.gif,10968,4.351,2521,0
1,38400,300,0.000,penguin.gif,10968,4.359,2516,0
1,38400,300,0.000,penguin.gif,10968,4.351,2521,0
1,38400,300,0.000,penguin.gif,10968,4.351,2521,0
1,38400,300,0.000,penguin.gif,10968,4.352,2520,0
1,38400,300,0.000,penguin.gif,10968,4.358,2517,0
1,38400,300,0.000,penguin.gif,10968,4.352,2520,0
1,38400,300,0.000,penguin.gif,10968,4.368,2511,0
1,38400,300,0.000,penguin.gif,10968,4.351,2521,0
1,38400,300,0.010,penguin.gif,10968,4.527,2423,2
1,38400,300,0.010,penguin.gif,10968,4.518,2427,2
1,38400,300,0.010,penguin.gif,10968,4.352,2520,0
1,38400,300,0.010,penguin.gif,10968,4.368,2511,2
1,38400,300,0.010,penguin.gif,10968,4.351,2521,0
1,38400,300,0.010,penguin.gif,10968,4.351,2521,0
1,38400,300,0.010,penguin.gif,10968,4.519,2427,2
1,38400,300,0.010,penguin.gif,10968,4.343,2526,0
1,38400,300,0.010,penguin.gif,10968,4.351,2521,0
1,38400,300,0.010,penguin.gif,10968,4.520,2427,2
1,38400,300,0.050,penguin.gif,10968,4.687,2340,4
1,38400,300,0.050,penguin.gif,10968,5.103,2149,9
1,38400,300,0.050,penguin.gif,10968,4.599,2385,3
1,38400,300,0.050,penguin.gif,10968,5.024,2183,8
1,38400,300,0.050,penguin.gif,10968,4.855,2259,6
1,38400,300,0.050,penguin.gif,10968,4.687,2340,4
1,38400,300,0.050,penguin.gif,10968,4.535,2418,2
1,38400,300,0.050,penguin.gif,10968,4.359,2516,0
1,38400,300,0.050,penguin.gif,10968,4.624,2372,4
1,38400,300,0.050,penguin.gif,10968,4.854,2259,6
1,38400,300,0.100,penguin.gif,10968,5.359,2047,12
1,38400,300,0.100,penguin.gif,10968,7.687,1427,5
1,38400,300,0.100,penguin.gif,10968,5.016,2187,8
1,38400,300,0.100,penguin.gif,10968,4.847,2263,6
1,38400,300,0.100,penguin.gif,10968,4.687,2340,4
1,38400,300,0.100,penguin.gif,10968,5.112,2145,9
1,38400,300,0.100,penguin.gif,10968,5.022,2184,8
1,38400,300,0.100,penguin.gif,10968,4.688,2340,4
1,38400,300,0.100,penguin.gif,10968,5.111,2146,9
1,38400,300,0.100,penguin.gif,10968,7.696,1425,5
1,38400,400,0.000,penguin.gif,10968,4.302,2549,0
1,38400,400,0.000,penguin.gif,10968,4.311,2544,0
1,38400,400,0.000,penguin.gif,10968,4.303,2549,0
1,38400,400,0.000,penguin.gif,10968,4.304,2548,0
1,38400,400,0.000,penguin.gif,10968,4.303,2549,0
1,38400,400,0.000,penguin.gif,10968,4.311,2544,0
1,38400,400,0.000,penguin.gif,10968,4.303,2549,0
1,38400,400,0.000,penguin.gif,10968,4.303,2549,0
1,38400,400,0.000,penguin.gif,10968,4.319,2540,0
1,38400,400,0.000,penguin.gif,10968,4.304,2549,0
1,38400,400,0.010,penguin.gif,10968,4.312,2544,0
1,38400,400,0.010,penguin.gif,10968,4.311,2544,0
1,38400,400,0.010,penguin.gif,10968,4.311,2544,0
1,38400,400,0.010,penguin.gif,10968,4.303,2549,0
1,38400,400,0.010,penguin.gif,10968,4.527,2423,2
1,38400,400,0.010,penguin.gif,10968,4.536,2418,2
1,38400,400,0.010,penguin.gif,10968,4.310,2544,0
1,38400,400,0.010,penguin.gif,10968,4.303,2549,0
1,38400,400,0.010,penguin.gif,10968,4.312,2544,0
1,38400,400,0.010,penguin.gif,10968,4.303,2549,0
1,38400,400,0.050,penguin.gif,10968,5.199,2110,8
1,38400,400,0.050,penguin.gif,10968,4.540,2416,2
1,38400,400,0.050,penguin.gif,10968,4.757,2306,4
1,38400,400,0.050,penguin.gif,10968,4.639,2364,3
1,38400,400,0.050,penguin.gif,10968,4.526,2423,2
1,38400,400,0.050,penguin.gif,10968,4.312,2544,0
1,38400,400,0.050,penguin.gif,10968,4.527,2423,2
1,38400,400,0.050,penguin.gif,10968,4.327,2535,2
1,38400,400,0.050,penguin.gif,10968,4.527,2423,2
1,38400,400,0.050,penguin.gif,10968,4.751,2309,4
1,38400,400,0.100,penguin.gif,10968,5.088,2156,10
1,38400,400,0.100,penguin.gif,10968,5.191,2113,8
1,38400,400,0.100,penguin.gif,10968,5.640,1945,12
1,38400,400,0.100,penguin.gif,10968,7.624,1439,5
1,38400,400,0.100,penguin.gif,10968,4.975,2205,6
1,38400,400,0.100,penguin.gif,10968,4.407,2489,2
1,38400,400,0.100,penguin.gif,10968,7.751,1415,5
1,38400,400,0.100,penguin.gif,10968,4.753,2308,4
1,38400,400,0.100,penguin.gif,10968,4.319,2539,0
1,38400,400,0.100,penguin.gif,10968,4.975,2205,6
1,38400,500,0.000,penguin.gif,10968,4.271,2568,0
1,38400,500,0.000,penguin.gif,10968,4.271,2568,0
1,38400,500,0.000,penguin.gif,10968,4.272,2568,0
1,38400,500,0.000,penguin.gif,10968,4.271,2568,0
1,38400,500,0.000,penguin.gif,10968,4.273,2567,0
1,38400,500,0.000,penguin.gif,10968,4.270,2569,0
1,38400,500,0.000,penguin.gif,10968,4.280,2563,0
1,38400,500,0.000,penguin.gif,10968,4.272,2568,0
1,38400,500,0.000,penguin.gif,10968,4.278,2564,0
1,38400,500,0.000,penguin.gif,10968,4.280,2563,0
1,38400,500,0.010,penguin.gif,10968,4.271,2568,0
1,38400,500,0.010,penguin.gif,10968,4.280,2563,0
1,38400,500,0.010,penguin.gif,10968,4.287,2558,0
1,38400,500,0.010,penguin.gif,10968,4.273,2567,0
1,38400,500,0.010,penguin.gif,10968,4.552,2409,2
1,38400,500,0.010,penguin.gif,10968,4.276,2565,0
1,38400,500,0.010,penguin.gif,10968,4.279,2563,0
1,38400,500,0.010,penguin.gif,10968,4.280,2563,0
1,38400,500,0.010,penguin.gif,10968,4.271,2568,0
1,38400,500,0.010,penguin.gif,10968,4.552,2410,2
1,38400,500,0.050,penguin.gif,10968,4.272,2568,0
1,38400,500,0.050,penguin.gif,10968,4.823,2274,4
1,38400,500,0.050,penguin.gif,10968,4.832,2270,4
1,38400,500,0.050,penguin.gif,10968,5.391,2034,8
1,38400,500,0.050,penguin.gif,10968,5.103,2149,6
1,38400,500,0.050,penguin.gif,10968,4.288,2558,2
1,38400,500,0.050,penguin.gif,10968,4.559,2406,2
1,38400,500,0.050,penguin.gif,10968,4.271,2568,0
1,38400,500,0.050,penguin.gif,10968,4.271,2568,0
1,38400,500,0.050,penguin.gif,10968,4.551,2410,2
1,38400,500,0.100,penguin.gif,10968,4.271,2568,0
1,38400,500,0.100,penguin.gif,10968,4.272,2568,0
1,38400,500,0.100,penguin.gif,10968,4.551,2410,2
1,38400,500,0.100,penguin.gif,10968,4.823,2274,6
1,38400,500,0.100,penguin.gif,10968,5.527,1984,11
1,38400,500,0.100,penguin.gif,10968,4.831,2270,4
1,38400,500,0.100,penguin.gif,10968,4.542,2415,2
1,38400,500,0.100,penguin.gif,10968,4.847,2263,6
1,38400,500,0.100,penguin.gif,10968,5.120,2142,8
1,38400,500,0.100,penguin.gif,10968,6.223,1762,18
1,38400,600,0.000,penguin.gif,10968,4.256,2577,0
1,38400,600,0.000,penguin.gif,10968,4.255,2578,0
1,38400,600,0.000,penguin.gif,10968,4.264,2573,0
1,38400,600,0.000,penguin.gif,10968,4.264,2572,0
1,38400,600,0.000,penguin.gif,10968,4.255,2578,0
1,38400,600,0.000,penguin.gif,10968,4.263,2573,0
1,38400,600,0.000,penguin.gif,10968,4.255,2577,0
1,38400,600,0.000,penguin.gif,10968,4.256,2577,0
1,38400,600,0.000,penguin.gif,10968,4.263,2573,0
1,38400,600,0.000,penguin.gif,10968,4.263,2573,0
1,38400,600,0.010,penguin.gif,10968,4.591,2389,2
1,38400,600,0.010,penguin.gif,10968,4.256,2577,0
1,38400,600,0.010,penguin.gif,10968,4.255,2577,0
1,38400,600,0.010,penguin.gif,10968,4.256,2577,0
1,38400,600,0.010,penguin.gif,10968,4.591,2389,2
1,38400,600,0.010,penguin.gif,10968,4.255,2578,0
1,38400,600,0.010,penguin.gif,10968,4.263,2573,0
1,38400,600,0.010,penguin.gif,10968,4.255,2577,0
1,38400,600,0.010,penguin.gif,10968,4.263,2573,0
1,38400,600,0.010,penguin.gif,10968,4.255,2578,0
1,38400,600,0.050,penguin.gif,10968,4.254,2578,0
1,38400,600,0.050,penguin.gif,10968,5.424,2022,7
1,38400,600,0.050,penguin.gif,10968,5.256,2087,6
1,38400,600,0.050,penguin.gif,10968,4.263,2573,0
1,38400,600,0.050,penguin.gif,10968,4.287,2559,2
1,38400,600,0.050,penguin.gif,10968,4.919,2230,4
1,38400,600,0.050,penguin.gif,10968,5.255,2087,6
1,38400,600,0.050,penguin.gif,10968,4.263,2573,0
1,38400,600,0.050,penguin.gif,10968,4.920,2229,4
1,38400,600,0.050,penguin.gif,10968,4.688,2340,4
1,38400,600,0.100,penguin.gif,10968,5.919,1853,10
1,38400,600,0.100,penguin.gif,10968,5.415,2025,7
1,38400,600,0.100,penguin.gif,10968,5.519,1987,9
1,38400,600,0.100,penguin.gif,10968,7.599,1443,5
1,38400,600,0.100,penguin.gif,10968,5.088,2156,5
1,38400,600,0.100,penguin.gif,10968,4.919,2230,4
1,38400,600,0.100,penguin.gif,10968,4.921,2229,4
1,38400,600,0.100,penguin.gif,10968,4.919,2230,4
1,38400,600,0.100,penguin.gif,10968,4.591,2389,2
1,38400,600,0.100,penguin.gif,10968,4.360,2516,2
1,38400,700,0.000,penguin.gif,10968,4.246,2583,0
1,38400,700,0.000,penguin.gif,10968,4.239,2587,0
1,38400,700,0.000,penguin.gif,10968,4.240,2587,0
1,38400,700,0.000,penguin.gif,10968,4.251,2580,0
1,38400,700,0.000,penguin.gif,10968,4.251,2580,0
1,38400,700,0.000,penguin.gif,10968,4.245,2584,0
1,38400,700,0.000,penguin.gif,10968,4.246,2583,0
1,38400,700,0.000,penguin.gif,10968,4.240,2587,0
1,38400,700,0.000,penguin.gif,10968,4.239,2587,0
1,38400,700,0.000,penguin.gif,10968,4.239,2587,0
1,38400,700,0.010,penguin.gif,10968,4.247,2582,0
1,38400,700,0.010,penguin.gif,10968,4.239,2587,0
1,38400,700,0.010,penguin.gif,10968,4.239,2587,0
1,38400,700,0.010,penguin.gif,10968,4.631,2368,2
1,38400,700,0.010,penguin.gif,10968,4.239,2587,0
1,38400,700,0.010,penguin.gif,10968,4.239,2588,0
1,38400,700,0.010,penguin.gif,10968,4.241,2586,0
1,38400,700,0.010,penguin.gif,10968,4.262,2574,3
1,38400,700,0.010,penguin.gif,10968,4.625,2372,2
1,38400,700,0.010,penguin.gif,10968,4.246,2583,0
1,38400,700,0.050,penguin.gif,10968,4.248,2582,0
1,38400,700,0.050,penguin.gif,10968,4.630,2369,2
1,38400,700,0.050,penguin.gif,10968,4.239,2587,0
1,38400,700,0.050,penguin.gif,10968,5.783,1897,8
1,38400,700,0.050,penguin.gif,10968,4.623,2373,2
1,38400,700,0.050,penguin.gif,10968,4.631,2368,2
1,38400,700,0.050,penguin.gif,10968,4.248,2582,0
1,38400,700,0.050,penguin.gif,10968,4.624,2372,2
1,38400,700,0.050,penguin.gif,10968,4.239,2587,0
1,38400,700,0.050,penguin.gif,10968,4.246,2583,0
1,38400,700,0.100,penguin.gif,10968,5.019,2185,4
1,38400,700,0.100,penguin.gif,10968,5.208,2106,5
1,38400,700,0.100,penguin.gif,10968,5.278,2078,6
1,38400,700,0.100,penguin.gif,10968,4.633,2367,2
1,38400,700,0.100,penguin.gif,10968,4.623,2372,2
1,38400,700,0.100,penguin.gif,10968,4.639,2364,4
1,38400,700,0.100,penguin.gif,10968,5.279,2078,6
1,38400,700,0.100,penguin.gif,10968,5.608,1956,9
1,38400,700,0.100,penguin.gif,10968,5.415,2025,8
1,38400,700,0.100,penguin.gif,10968,4.816,2277,3
1,38400,800,0.000,penguin.gif,10968,4.232,2592,0
1,38400,800,0.000,penguin.gif,10968,4.231,2593,0
1,38400,800,0.000,penguin.gif,10968,4.231,2592,0
1,38400,800,0.000,penguin.gif,10968,4.232,2592,0
1,38400,800,0.000,penguin.gif,10968,4.240,2587,0
1,38400,800,0.000,penguin.gif,10968,4.231,2592,0
1,38400,800,0.000,penguin.gif,10968,4.232,2592,0
1,38400,800,0.000,penguin.gif,10968,4.231,2592,0
1,38400,800,0.000,penguin.gif,10968,4.232,2592,0
1,38400,800,0.000,penguin.gif,10968,4.232,2592,0
1,38400,800,0.010,penguin.gif,10968,4.236,2589,0
1,38400,800,0.010,penguin.gif,10968,4.237,2589,0
1,38400,800,0.010,penguin.gif,10968,4.255,2578,2
1,38400,800,0.010,penguin.gif,10968,4.231,2592,0
1,38400,800,0.010,penguin.gif,10968,4.672,2348,2
1,38400,800,0.010,penguin.gif,10968,4.239,2588,0
1,38400,800,0.010,penguin.gif,10968,4.231,2592,0
1,38400,800,0.010,penguin.gif,10968,4.240,2587,0
1,38400,800,0.010,penguin.gif,10968,4.231,2592,0
1,38400,800,0.010,penguin.gif,10968,4.232,2592,0
1,38400,800,0.050,penguin.gif,10968,4.231,2592,0
1,38400,800,0.050,penguin.gif,10968,4.672,2348,2
1,38400,800,0.050,penguin.gif,10968,4.231,2592,0
1,38400,800,0.050,penguin.gif,10968,4.687,2340,4
1,38400,800,0.050,penguin.gif,10968,4.671,2348,2
1,38400,800,0.050,penguin.gif,10968,4.672,2348,2
1,38400,800,0.050,penguin.gif,10968,4.888,2244,3
1,38400,800,0.050,penguin.gif,10968,4.231,2592,0
1,38400,800,0.050,penguin.gif,10968,5.431,2020,6
1,38400,800,0.050,penguin.gif,10968,5.111,2146,4
1,38400,800,0.100,penguin.gif,10968,4.990,2198,4
1,38400,800,0.100,penguin.gif,10968,5.344,2052,7
1,38400,800,0.100,penguin.gif,10968,5.119,2142,4
1,38400,800,0.100,penguin.gif,10968,5.119,2143,4
1,38400,800,0.100,penguin.gif,10968,5.551,1976,6
1,38400,800,0.100,penguin.gif,10968,4.680,2344,2
1,38400,800,0.100,penguin.gif,10968,5.343,2053,5
1,38400,800,0.100,penguin.gif,10968,4.671,2348,2
1,38400,800,0.100,penguin.gif,10968,5.432,2019,6
1,38400,800,0.100,penguin.gif,10968,4.229,2593,0
1,57600,50,0.000,penguin.gif,10968,4.067,2697,0
1,57600,50,0.000,penguin.gif,10968,4.032,2720,0
1,57600,50,0.000,penguin.gif,10968,4.023,2727,0
1,57600,50,0.000,penguin.gif,10968,4.047,2710,0
1,57600,50,0.000,penguin.gif,10968,4.071,2694,0
1,57600,50,0.000,penguin.gif,10968,4.047,2710,0
1,57600,50,0.000,penguin.gif,10968,4.038,2716,0
